format,input_bytes,file,ocaml_parity_time_s,crane_default_O2_43fb925a1_s,crane_default_O2_constants_302d83b63_s,crane_default_O2_heap_release_7d30d5a6b_s,crane_default_lto_43fb925a1_s,crane_default_lto_constants_302d83b63_s,crane_default_lto_heap_release_7d30d5a6b_s,crane_sharedvariant_O2_43fb925a1_s,crane_sharedvariant_O2_constants_302d83b63_s,crane_sharedvariant_O2_heap_release_7d30d5a6b_s,crane_sharedvariant_lto_43fb925a1_s,crane_sharedvariant_lto_constants_302d83b63_s,crane_sharedvariant_lto_heap_release_7d30d5a6b_s
json,580,000_legislators_0001.json,0.107,0.286,0.286,0.285,0.263,0.262,0.260,0.221,0.223,0.222,0.199,0.199,0.201
json,4445,003_legislators_0008.json,0.132,0.330,0.330,0.330,0.306,0.304,0.305,0.258,0.258,0.258,0.236,0.240,0.237
json,38793,006_legislators_0064.json,0.428,0.814,0.814,0.815,0.794,0.786,0.788,0.628,0.629,0.642,0.602,0.596,0.608
json,183988,008_legislators_0256.json,2.484,3.547,3.570,3.571,3.545,3.536,3.537,2.897,2.896,2.876,2.828,2.816,2.812
csv,818,000_iris.csv,0.042,0.091,0.090,0.090,0.081,0.080,0.080,0.074,0.074,0.074,0.064,0.063,0.063
csv,1615,002_products-with-quoting.csv,0.043,0.092,0.094,0.093,0.082,0.082,0.082,0.075,0.084,0.075,0.065,0.065,0.065
csv,98334,007_slice_98334.csv,0.331,0.594,0.598,0.599,0.580,0.581,0.584,0.473,0.504,0.477,0.465,0.463,0.464
csv,166921,009_slice_166921.csv,0.636,1.011,1.014,1.013,1.007,1.013,1.008,0.826,0.818,0.815,0.801,0.791,0.802
xml,148,000_sw2078-ms98-a-trans-NE.xml,0.059,0.153,0.155,0.154,0.141,0.142,0.142,0.114,0.119,0.117,0.100,0.101,0.100
xml,1495,048_115CVL035-NE.xml,0.068,0.167,0.166,0.168,0.158,0.154,0.154,0.124,0.125,0.124,0.110,0.111,0.111
xml,14649,063_ENRON-pearson-email-25jul02-mpqa.xml,0.151,0.311,0.310,0.310,0.300,0.299,0.295,0.235,0.232,0.235,0.216,0.217,0.219
xml,144307,078_Bro008-vp.xml,1.568,2.232,2.252,2.244,2.215,2.241,2.195,1.782,1.787,1.805,1.785,1.738,1.765
xml,196329,080_Bed002-np.xml,2.394,3.179,3.204,3.203,3.164,3.170,3.185,2.580,2.575,2.592,2.537,2.524,2.559
