format,input_bytes,file,ocaml_parity_time_s,crane_guard_fixed_s,crane_shared_array_s,crane_shared_array_stddev_s,crane_over_ocaml,parse_result,parse_nodes
json,580,000_legislators_0001.json,0.107,0.056,0.051,0.000,0.48,unique,23
json,4445,003_legislators_0008.json,0.132,0.089,0.073,0.000,0.55,unique,177
json,38793,006_legislators_0064.json,0.428,0.417,0.296,0.001,0.69,unique,1534
json,183988,008_legislators_0256.json,2.484,2.131,1.510,0.003,0.61,unique,7270
csv,818,000_iris.csv,0.042,0.028,0.029,0.001,0.69,unique,156
csv,1615,002_products-with-quoting.csv,0.043,0.029,0.029,0.001,0.67,unique,95
csv,98334,007_slice_98334.csv,0.331,0.360,0.245,0.002,0.74,unique,6445
csv,166921,009_slice_166921.csv,0.636,0.608,0.419,0.004,0.66,unique,10999
xml,148,000_sw2078-ms98-a-trans-NE.xml,0.059,0.037,0.039,0.001,0.66,unique,1
xml,1495,048_115CVL035-NE.xml,0.068,0.049,0.045,0.001,0.66,unique,27
xml,14649,063_ENRON-pearson-email-25jul02-mpqa.xml,0.151,0.150,0.108,0.001,0.72,unique,332
xml,144307,078_Bro008-vp.xml,1.568,1.428,1.039,0.007,0.66,unique,3215
xml,196329,080_Bed002-np.xml,2.394,2.085,1.502,0.017,0.63,unique,4195
